epoch,time,train/box_loss,train/pose_loss,train/kobj_loss,train/cls_loss,train/dfl_loss,metrics/precision(B),metrics/recall(B),metrics/mAP50(B),metrics/mAP50-95(B),metrics/precision(P),metrics/recall(P),metrics/mAP50(P),metrics/mAP50-95(P),val/box_loss,val/pose_loss,val/kobj_loss,val/cls_loss,val/dfl_loss,lr/pg0,lr/pg1,lr/pg2
1,19.3532,1.43259,8.16056,0.68978,2.19363,1.08232,0.80167,0.85,0.88854,0.53461,0,0,0,0,1.19523,8.27755,0.67388,1.11889,0.85419,0.0005,0.0005,0.0005
2,32.0906,0.8874,5.98619,0.63268,0.63616,0.88876,0.65172,0.84233,0.67033,0.47981,0.08469,0.1,0.01196,0.00239,0.87713,6.25191,0.62439,1.27841,0.85609,0.00101491,0.00101491,0.00101491
3,44.2337,0.85585,5.09359,0.59856,0.56837,0.88239,0.97577,0.9,0.97192,0.71561,0.50597,0.45,0.33838,0.05715,0.84389,5.00133,0.57629,0.67169,0.81483,0.00152464,0.00152464,0.00152464
4,55.7029,0.82627,4.60481,0.57234,0.53698,0.86171,0.97726,0.95,0.97833,0.72033,0.46661,0.45,0.28697,0.04816,0.80477,4.41102,0.52711,0.62992,0.81766,0.00197007,0.00197007,0.00197007
5,68.5816,0.80819,4.27256,0.53985,0.51533,0.85926,1,0.94972,0.99262,0.79875,0.65199,0.6,0.40639,0.07698,0.69579,4.0211,0.4843,0.51619,0.80485,0.0019601,0.0019601,0.0019601
6,81.1916,0.76136,4.00256,0.50981,0.47392,0.85486,1,0.98241,0.995,0.77353,0.55357,0.5,0.34864,0.07591,0.79867,4.21148,0.4574,0.43132,0.82844,0.00195012,0.00195012,0.00195012
7,94.0572,0.81309,3.98713,0.49404,0.49999,0.85862,0.99491,0.95,0.98346,0.74583,0.75714,0.7,0.55834,0.09629,0.7756,3.96684,0.42551,0.46898,0.80729,0.00194015,0.00194015,0.00194015
8,106.648,0.7636,3.8362,0.46437,0.46876,0.85853,0.94951,1,0.99262,0.764,0.78276,0.75,0.61335,0.14087,0.78938,3.75702,0.39994,0.44153,0.80902,0.00193018,0.00193018,0.00193018
9,119.237,0.70908,3.73912,0.45231,0.45774,0.84953,0.95227,0.99764,0.99262,0.82646,0.70902,0.6,0.46754,0.08144,0.62095,3.89207,0.3747,0.40122,0.80182,0.0019202,0.0019202,0.0019202
10,132.317,0.65928,3.73101,0.42927,0.42446,0.83784,1,0.99529,0.995,0.83435,0.78575,0.75,0.62934,0.12136,0.61271,3.8494,0.34139,0.40573,0.79043,0.00191022,0.00191022,0.00191022
11,144.349,0.68823,3.73134,0.41903,0.42821,0.83923,0.9955,0.95,0.99262,0.75404,0.89062,0.85,0.77702,0.22839,0.73527,3.25547,0.32652,0.41329,0.81912,0.00190025,0.00190025,0.00190025
12,156.359,0.70215,3.66907,0.41821,0.42666,0.84185,0.99625,0.95,0.98204,0.81717,0.73207,0.55,0.54289,0.09465,0.63904,3.80437,0.31427,0.41291,0.79912,0.00189028,0.00189028,0.00189028
13,169.079,0.65448,3.59525,0.40382,0.42819,0.83458,1,0.99797,0.995,0.79442,0.88257,0.85,0.78847,0.18344,0.63577,3.31693,0.30241,0.42525,0.79991,0.0018803,0.0018803,0.0018803
14,181.828,0.66304,3.49584,0.38623,0.41296,0.83182,1,0.99798,0.995,0.82099,0.9876,0.95,0.94907,0.35038,0.64979,2.8071,0.29674,0.41463,0.79638,0.00187033,0.00187033,0.00187033
15,194.449,0.66033,3.4603,0.39169,0.41793,0.8402,1,0.9987,0.995,0.82309,0.78431,0.75,0.65985,0.13383,0.62391,3.38881,0.28215,0.38112,0.80651,0.00186035,0.00186035,0.00186035
16,207.383,0.66676,3.4907,0.37791,0.41904,0.83223,1,0.99091,0.995,0.82495,0.98178,0.95,0.94938,0.25865,0.63562,3.01913,0.27851,0.43944,0.78894,0.00185038,0.00185038,0.00185038
17,219.787,0.64966,3.43901,0.37968,0.40675,0.83351,1,0.99059,0.995,0.80639,0.72058,0.7,0.52353,0.09207,0.6514,3.88262,0.27322,0.46034,0.79064,0.0018404,0.0018404,0.0018404
18,232.482,0.64084,3.34554,0.38132,0.40866,0.82725,0.99662,1,0.995,0.78101,0.89668,0.9,0.81342,0.20713,0.70301,3.25545,0.26746,0.36327,0.79445,0.00183043,0.00183043,0.00183043
19,245.346,0.61999,3.28569,0.36858,0.39025,0.8311,0.99916,1,0.995,0.82717,0.78308,0.75,0.63459,0.15248,0.63291,3.28587,0.26323,0.3579,0.79881,0.00182045,0.00182045,0.00182045
20,256.588,0.63737,3.14012,0.38019,0.39909,0.83365,1,0.99669,0.995,0.81584,0.94366,0.9,0.86826,0.30041,0.73931,2.94128,0.25128,0.38807,0.80595,0.00181048,0.00181048,0.00181048
21,268.896,0.62682,3.05552,0.38194,0.38752,0.8301,0.99767,1,0.995,0.8051,0.77915,0.75,0.62959,0.17753,0.6374,3.28235,0.24831,0.34999,0.79953,0.0018005,0.0018005,0.0018005
22,281.46,0.61859,2.91094,0.37887,0.39669,0.82751,0.99983,1,0.995,0.81665,0.84885,0.85,0.74659,0.23093,0.68578,3.10588,0.2463,0.37757,0.79855,0.00179053,0.00179053,0.00179053
23,294.281,0.63886,2.83428,0.37997,0.40972,0.8315,0.99039,1,0.995,0.84178,0.64758,0.65,0.54133,0.15372,0.62169,3.32013,0.24925,0.36976,0.80136,0.00178055,0.00178055,0.00178055
24,306.837,0.63849,2.86253,0.37389,0.41133,0.82912,0.99134,1,0.995,0.81297,0.49538,0.5,0.31917,0.08329,0.69294,3.80603,0.24586,0.43361,0.79656,0.00177058,0.00177058,0.00177058
25,319.381,0.63246,2.80221,0.37135,0.41138,0.82776,0.94887,0.92846,0.98167,0.72741,0.35231,0.3,0.16386,0.03088,0.78265,5.01557,0.24054,0.54634,0.81414,0.0017606,0.0017606,0.0017606
26,332.333,0.64864,2.7101,0.38679,0.41228,0.83491,0.94648,0.88487,0.92632,0.71736,0.00164,0.05,0.00091,9e-05,0.82943,6.95565,0.23624,0.71362,0.85975,0.00175063,0.00175063,0.00175063
27,343.543,0.67014,2.55083,0.37522,0.42437,0.83477,0.85688,0.89818,0.93214,0.71623,0.51489,0.45,0.31092,0.11964,0.80011,4.67723,0.30029,0.58531,0.85208,0.00174065,0.00174065,0.00174065
28,355.748,0.65839,2.45068,0.35501,0.42452,0.83299,0.95151,0.98174,0.98786,0.812,0.65771,0.65,0.5395,0.20786,0.60442,3.22844,0.25189,0.44172,0.78953,0.00173068,0.00173068,0.00173068
29,368.59,0.6923,2.47075,0.37738,0.43709,0.83406,0.99546,0.95,0.985,0.76463,0.2751,0.25,0.09217,0.02248,0.77482,5.33238,0.25074,0.45111,0.82676,0.0017207,0.0017207,0.0017207
30,380.964,0.68956,2.4158,0.36599,0.42852,0.83798,0.8987,1,0.98795,0.79068,0.64481,0.65,0.48466,0.23342,0.64758,2.92335,0.25258,0.46258,0.79634,0.00171073,0.00171073,0.00171073
31,393.754,0.67311,2.40765,0.36551,0.43318,0.83792,0.90141,1,0.98795,0.75929,0.17291,0.15,0.04769,0.00636,0.72672,6.00368,0.23512,0.65248,0.81139,0.00170075,0.00170075,0.00170075
32,406.419,0.66419,2.24036,0.35625,0.42661,0.8289,0.97887,0.95,0.99045,0.81993,0.32793,0.3,0.19989,0.07456,0.63326,4.83233,0.24036,0.48756,0.79364,0.00169078,0.00169078,0.00169078
33,418.777,0.65671,2.00996,0.36661,0.4196,0.83499,0.99942,0.95,0.98848,0.78297,0.56083,0.65,0.48768,0.22004,0.66625,3.40507,0.2511,0.42788,0.80125,0.0016808,0.0016808,0.0016808
34,431.417,0.69319,2.14096,0.36183,0.43641,0.83334,0.94859,1,0.99262,0.78936,0.69622,0.7,0.56522,0.26353,0.69533,3.55213,0.24493,0.47191,0.80352,0.00167083,0.00167083,0.00167083
35,443.035,0.6844,2.18399,0.37465,0.43862,0.84348,0.90904,0.99941,0.97682,0.79293,0.79689,0.85,0.76704,0.40444,0.72089,2.176,0.24747,0.51508,0.80126,0.00166085,0.00166085,0.00166085
36,455.841,0.66223,1.86005,0.37422,0.41348,0.82534,0.9843,0.95,0.99045,0.77671,0.9843,0.95,0.948,0.64952,0.72795,1.16558,0.25748,0.46318,0.8053,0.00165087,0.00165087,0.00165087
37,468.207,0.67017,2.09846,0.37277,0.42286,0.83146,0.99567,1,0.995,0.7806,0.66752,0.55,0.49433,0.29345,0.70136,2.92916,0.24389,0.39788,0.80747,0.0016409,0.0016409,0.0016409
38,481.057,0.64769,2.14454,0.36355,0.41716,0.82579,0.9909,1,0.995,0.76498,0.94068,0.95,0.94373,0.72686,0.75789,1.00834,0.25661,0.47293,0.81138,0.00163093,0.00163093,0.00163093
39,493.75,0.66144,1.98035,0.37169,0.41879,0.82971,1,0.9925,0.995,0.80528,0.99374,0.95,0.94949,0.55517,0.67006,1.75877,0.2626,0.36154,0.80386,0.00162095,0.00162095,0.00162095
40,506.644,0.64437,1.80311,0.36512,0.41744,0.82968,0.99602,1,0.995,0.80108,0.99358,0.95,0.94945,0.67586,0.66853,1.21073,0.24407,0.40126,0.80297,0.00161097,0.00161097,0.00161097
41,519.437,0.6324,1.53973,0.37146,0.40867,0.8308,0.98507,1,0.995,0.8029,0.69902,0.7,0.55692,0.34094,0.68439,3.01889,0.25358,0.39315,0.78691,0.001601,0.001601,0.001601
42,531.309,0.66289,1.60298,0.37629,0.42257,0.83087,0.95545,0.95,0.99262,0.78135,0.55585,0.55,0.34351,0.16851,0.6735,4.25112,0.25701,0.4327,0.79725,0.00159103,0.00159103,0.00159103
43,543.198,0.66069,1.67256,0.36534,0.42211,0.83126,0.97763,0.95,0.99045,0.80747,0.87428,0.85,0.78854,0.46399,0.60377,2.09533,0.25043,0.39984,0.77094,0.00158105,0.00158105,0.00158105
44,555.704,0.65815,1.70682,0.37005,0.40933,0.8305,0.99468,1,0.995,0.77887,0.89245,0.85,0.77293,0.46987,0.68447,2.12718,0.25151,0.37288,0.79517,0.00157108,0.00157108,0.00157108
45,568.665,0.64916,1.61491,0.35763,0.41059,0.82711,0.99685,1,0.995,0.7461,0.92885,0.9,0.88528,0.62318,0.68482,1.18823,0.25268,0.40418,0.79129,0.0015611,0.0015611,0.0015611
46,581.756,0.6289,1.51329,0.36724,0.40355,0.82638,1,0.97975,0.995,0.77029,0.605,0.55,0.41044,0.28518,0.69515,3.4673,0.25445,0.43311,0.80161,0.00155113,0.00155113,0.00155113
47,594.232,0.62197,1.2666,0.34645,0.39401,0.82249,0.94735,1,0.98786,0.76779,0.58195,0.6,0.38312,0.30214,0.67373,3.00582,0.2543,0.43211,0.80241,0.00154115,0.00154115,0.00154115
48,606.743,0.64986,1.4892,0.35454,0.40607,0.82526,0.99605,1,0.995,0.80195,0.89581,0.9,0.87221,0.70159,0.71891,1.38261,0.24448,0.3809,0.80366,0.00153118,0.00153118,0.00153118
49,619.702,0.66584,1.45891,0.36848,0.40703,0.83663,0.99605,1,0.995,0.78731,0.93545,0.9,0.88174,0.62302,0.68914,1.30285,0.24991,0.35451,0.79923,0.0015212,0.0015212,0.0015212
50,631.674,0.64438,1.6495,0.35539,0.40195,0.82352,0.9954,1,0.995,0.80005,0.97607,0.95,0.94967,0.48654,0.67031,1.64482,0.25225,0.35224,0.79071,0.00151123,0.00151123,0.00151123
51,643.6,0.63817,1.42555,0.36307,0.39968,0.82049,0.99507,0.95,0.99045,0.75406,0.83684,0.8,0.69732,0.50417,0.72485,1.67913,0.25535,0.40073,0.79717,0.00150125,0.00150125,0.00150125
52,656.259,0.63457,1.44537,0.35701,0.39374,0.82001,0.9701,0.95,0.985,0.77509,0.60535,0.6,0.4454,0.28201,0.67308,2.74359,0.25159,0.41315,0.79202,0.00149128,0.00149128,0.00149128
53,668.742,0.63986,1.2797,0.36738,0.40017,0.83044,0.94579,1,0.99262,0.82861,0.9929,0.95,0.9527,0.83715,0.62605,0.63741,0.24907,0.36595,0.7853,0.0014813,0.0014813,0.0014813
54,681.59,0.63194,1.26912,0.36574,0.40372,0.82676,1,0.99484,0.995,0.83036,0.84922,0.84507,0.73978,0.57468,0.64501,1.8917,0.24919,0.39249,0.79662,0.00147133,0.00147133,0.00147133
55,694.423,0.61918,1.18544,0.36919,0.40144,0.82229,1,0.99645,0.995,0.79385,0.7996,0.7981,0.65455,0.39052,0.64418,2.18864,0.25209,0.39043,0.79239,0.00146135,0.00146135,0.00146135
56,707.15,0.61691,1.33872,0.34303,0.39179,0.82684,0.99355,0.95,0.99262,0.80054,0.78401,0.75,0.60655,0.46397,0.66079,2.35988,0.25454,0.37154,0.79908,0.00145137,0.00145137,0.00145137
57,720.019,0.65523,1.3218,0.34852,0.40673,0.82391,1,0.99144,0.995,0.80319,0.76098,0.75,0.59656,0.44385,0.68492,2.14169,0.25238,0.4527,0.79525,0.0014414,0.0014414,0.0014414
58,732.789,0.64603,1.25204,0.35244,0.39581,0.82426,1,0.98668,0.995,0.80277,0.72411,0.7,0.54077,0.41828,0.70004,2.49237,0.25003,0.42011,0.79181,0.00143143,0.00143143,0.00143143
59,744.246,0.63761,1.12456,0.3592,0.39297,0.81903,1,0.99211,0.995,0.81447,0.84926,0.84532,0.73515,0.42491,0.67017,2.41655,0.24768,0.39026,0.79742,0.00142145,0.00142145,0.00142145
60,756.846,0.62191,1.22048,0.34491,0.39235,0.82326,1,0.94621,0.99262,0.81311,1,0.94621,0.99262,0.82371,0.61713,0.5886,0.24483,0.36816,0.78569,0.00141148,0.00141148,0.00141148
61,769.67,0.58958,1.06279,0.35448,0.37206,0.82372,1,0.99656,0.995,0.85381,1,0.99656,0.995,0.66453,0.58905,1.2373,0.24983,0.34024,0.78188,0.0014015,0.0014015,0.0014015
62,782.292,0.59569,1.00954,0.34176,0.37735,0.81275,0.99458,1,0.995,0.81449,0.87787,0.85,0.76979,0.54914,0.66843,1.67413,0.24769,0.37242,0.80087,0.00139153,0.00139153,0.00139153
63,794.819,0.59698,1.00008,0.34756,0.37659,0.82022,0.99729,1,0.995,0.81683,0.67397,0.65,0.47286,0.37607,0.58696,2.96598,0.24854,0.34675,0.78689,0.00138155,0.00138155,0.00138155
64,807.34,0.61362,1.04431,0.35909,0.38293,0.82156,0.99933,1,0.995,0.82125,0.94894,0.95,0.925,0.74097,0.62039,0.89047,0.2421,0.33079,0.79881,0.00137158,0.00137158,0.00137158
65,820.338,0.59383,1.03174,0.35341,0.37846,0.81491,1,0.99753,0.995,0.8105,0.99361,0.95,0.95179,0.77441,0.60566,0.7049,0.2406,0.32849,0.78592,0.0013616,0.0013616,0.0013616
66,832.103,0.61357,1.09304,0.36927,0.39044,0.82595,1,0.99932,0.995,0.80886,1,0.99932,0.995,0.77847,0.6161,0.81504,0.24419,0.31421,0.78795,0.00135163,0.00135163,0.00135163
67,844.259,0.58954,1.02121,0.34848,0.3684,0.82041,1,0.99425,0.995,0.79762,0.94972,0.94466,0.92487,0.74476,0.64346,1.0378,0.24417,0.35899,0.79454,0.00134165,0.00134165,0.00134165
68,856.754,0.60124,1.04179,0.35645,0.3725,0.82442,0.9479,1,0.99262,0.80249,0.56804,0.6,0.40913,0.29532,0.6819,3.93033,0.25472,0.35616,0.79243,0.00133168,0.00133168,0.00133168
69,869.336,0.59255,1.10701,0.35186,0.38012,0.81883,0.99016,0.95,0.99045,0.807,0.88547,0.85,0.86407,0.7804,0.61806,1.13875,0.23617,0.35511,0.78419,0.0013217,0.0013217,0.0013217
70,882.272,0.60976,0.9707,0.35576,0.38214,0.82183,0.99706,1,0.995,0.81627,0.59286,0.6,0.37182,0.30123,0.56793,3.41101,0.24764,0.35762,0.78686,0.00131173,0.00131173,0.00131173
71,894.855,0.59655,0.9521,0.33557,0.37579,0.82017,0.99565,1,0.995,0.8218,0.84301,0.85,0.78465,0.64575,0.6291,1.59968,0.23177,0.34959,0.78876,0.00130175,0.00130175,0.00130175
72,907.558,0.58333,0.93231,0.35353,0.35956,0.81761,1,0.99296,0.995,0.82803,0.6499,0.65,0.44175,0.31215,0.59134,3.33839,0.24127,0.35391,0.78678,0.00129177,0.00129177,0.00129177
73,920.481,0.59075,0.93002,0.35954,0.37259,0.81623,1,0.99782,0.995,0.82755,0.9499,0.94808,0.93368,0.77526,0.60165,0.93611,0.24003,0.3384,0.78432,0.0012818,0.0012818,0.0012818
74,932.307,0.57817,0.90284,0.34443,0.3665,0.81388,0.99844,1,0.995,0.83378,0.84727,0.85,0.75495,0.54657,0.586,1.80476,0.2358,0.35797,0.7816,0.00127183,0.00127183,0.00127183
75,943.837,0.5777,0.99318,0.35014,0.37001,0.80885,1,0.99961,0.995,0.83896,1,0.99961,0.995,0.80587,0.59042,0.74729,0.23771,0.3695,0.79068,0.00126185,0.00126185,0.00126185
76,956.389,0.59628,0.9233,0.34896,0.38153,0.81672,1,0.99656,0.995,0.8271,1,0.99656,0.995,0.86234,0.60168,0.58986,0.23345,0.35665,0.78442,0.00125188,0.00125188,0.00125188
77,969.424,0.5729,0.78957,0.33944,0.364,0.81382,0.99569,1,0.995,0.79782,0.99569,1,0.995,0.91067,0.5705,0.41584,0.23604,0.31493,0.78249,0.0012419,0.0012419,0.0012419
78,981.875,0.5806,0.85968,0.34131,0.36638,0.81519,1,0.9982,0.995,0.83427,1,0.9982,0.995,0.90259,0.57495,0.41612,0.22945,0.34632,0.78746,0.00123193,0.00123193,0.00123193
79,994.729,0.5762,0.92224,0.35068,0.36451,0.8186,0.99634,1,0.995,0.83431,0.94624,0.95,0.90535,0.69977,0.59191,1.20235,0.24032,0.33043,0.78809,0.00122195,0.00122195,0.00122195
80,1007.08,0.57061,0.88834,0.34247,0.35571,0.81688,0.99924,1,0.995,0.826,0.99924,1,0.995,0.92447,0.58029,0.409,0.23604,0.33104,0.78139,0.00121198,0.00121198,0.00121198
81,1019.71,0.58906,0.91057,0.34323,0.36414,0.81896,1,0.99618,0.995,0.79578,0.84944,0.84646,0.74813,0.61704,0.61677,1.62405,0.24983,0.35447,0.78133,0.001202,0.001202,0.001202
82,1032.54,0.56904,0.9291,0.3399,0.36441,0.81734,1,0.99907,0.995,0.83099,0.79771,0.8,0.66027,0.57391,0.64519,1.94036,0.24724,0.35933,0.78488,0.00119202,0.00119202,0.00119202
83,1044.33,0.57033,0.91783,0.33442,0.3565,0.81292,1,0.99593,0.995,0.8384,1,0.99593,0.995,0.79172,0.58187,0.8142,0.24477,0.33426,0.78136,0.00118205,0.00118205,0.00118205
84,1056.79,0.55174,0.70871,0.32182,0.34671,0.80881,1,0.99137,0.995,0.84094,0.74883,0.74556,0.60307,0.49915,0.6028,2.50297,0.24572,0.3287,0.79002,0.00117208,0.00117208,0.00117208
85,1069.42,0.56079,0.74478,0.3427,0.34821,0.81177,1,0.99722,0.995,0.8368,0.89976,0.8977,0.8375,0.59787,0.6008,1.8145,0.24499,0.31274,0.78472,0.0011621,0.0011621,0.0011621
86,1081.96,0.55401,0.80004,0.33076,0.34711,0.80735,1,0.99475,0.995,0.83839,0.84923,0.84512,0.74845,0.51313,0.65308,2.20178,0.24024,0.33454,0.79331,0.00115212,0.00115212,0.00115212
87,1094.42,0.55628,0.7111,0.32989,0.34205,0.81057,0.99077,0.95,0.99262,0.85675,0.93863,0.9,0.93045,0.84376,0.59124,0.81361,0.22816,0.34112,0.79039,0.00114215,0.00114215,0.00114215
88,1107.21,0.57914,0.85777,0.33683,0.35783,0.8126,1,0.99513,0.995,0.86317,1,0.99513,0.995,0.88826,0.53736,0.4991,0.22747,0.33055,0.77676,0.00113218,0.00113218,0.00113218
89,1119.75,0.54281,0.74856,0.3275,0.34262,0.80996,1,0.99763,0.995,0.84698,0.94989,0.94787,0.9275,0.83556,0.58947,0.61848,0.22891,0.33503,0.7885,0.0011222,0.0011222,0.0011222
90,1132.62,0.55668,0.74992,0.33368,0.34557,0.81158,1,0.99587,0.995,0.84381,1,0.99587,0.995,0.86807,0.59337,0.51738,0.22774,0.34951,0.78586,0.00111222,0.00111222,0.00111222
91,1144.48,0.56924,0.78908,0.32742,0.34503,0.81056,0.99503,0.95,0.99262,0.83533,0.99503,0.95,0.99262,0.89377,0.55354,0.38513,0.22616,0.32182,0.78202,0.00110225,0.00110225,0.00110225
92,1156.28,0.55324,0.80703,0.32761,0.34146,0.80768,1,0.99618,0.995,0.83471,1,0.99618,0.995,0.91221,0.59274,0.41766,0.22757,0.32733,0.78328,0.00109227,0.00109227,0.00109227
93,1168.69,0.56922,0.8605,0.32553,0.3505,0.81059,1,0.99839,0.995,0.83707,1,0.99839,0.995,0.8839,0.60481,0.46344,0.22853,0.3536,0.78286,0.0010823,0.0010823,0.0010823
94,1181.27,0.54894,0.78299,0.33271,0.34301,0.81269,0.99977,1,0.995,0.84224,0.84858,0.85,0.742,0.60911,0.56535,1.70157,0.24335,0.32227,0.78038,0.00107232,0.00107232,0.00107232
95,1193.88,0.54305,0.742,0.32443,0.33944,0.80885,1,0.99621,0.995,0.84561,0.89961,0.89629,0.84123,0.61334,0.56138,1.47527,0.24095,0.3226,0.77816,0.00106235,0.00106235,0.00106235
96,1206.31,0.55997,0.7809,0.3238,0.35031,0.81201,0.99517,0.95,0.99262,0.82933,0.99517,0.95,0.99262,0.88014,0.59637,0.5112,0.22965,0.33685,0.77658,0.00105238,0.00105238,0.00105238
97,1219.01,0.54125,0.77222,0.32099,0.33779,0.80581,1,0.99552,0.995,0.84536,0.89954,0.89562,0.86893,0.80212,0.55928,0.9949,0.23055,0.3122,0.78123,0.0010424,0.0010424,0.0010424
98,1231.46,0.53001,0.68279,0.31703,0.32427,0.80723,1,0.99742,0.995,0.85246,1,0.99742,0.995,0.89341,0.58065,0.48321,0.2279,0.30367,0.7827,0.00103243,0.00103243,0.00103243
99,1244.16,0.55307,0.83102,0.32395,0.33877,0.81031,1,0.99662,0.995,0.83355,1,0.99662,0.995,0.80184,0.59418,0.7321,0.22447,0.32406,0.78148,0.00102245,0.00102245,0.00102245
100,1255.76,0.53893,0.73707,0.31383,0.33338,0.80998,1,0.99865,0.995,0.85347,1,0.99865,0.995,0.93634,0.6183,0.40326,0.22245,0.30976,0.78445,0.00101248,0.00101248,0.00101248
101,1267.88,0.53172,0.77423,0.31909,0.34028,0.81589,0.99581,0.95,0.99262,0.84697,0.61388,0.63644,0.47311,0.34633,0.54554,3.46345,0.24711,0.29078,0.7795,0.0010025,0.0010025,0.0010025
102,1280.51,0.52088,0.73923,0.30835,0.32988,0.81072,0.95195,0.99096,0.99262,0.84896,0.9039,0.94096,0.92081,0.69784,0.52887,1.18108,0.22447,0.3091,0.77851,0.000992525,0.000992525,0.000992525
103,1293.12,0.52157,0.64799,0.31896,0.33031,0.80737,1,0.99748,0.995,0.87038,0.94988,0.94769,0.9364,0.89152,0.50438,0.56164,0.22334,0.29472,0.77997,0.00098255,0.00098255,0.00098255
104,1306.09,0.53297,0.65499,0.31452,0.33274,0.80883,0.99983,1,0.995,0.86564,0.94953,0.95,0.92518,0.82867,0.52438,0.85262,0.2241,0.28543,0.77632,0.000972575,0.000972575,0.000972575
105,1318.76,0.53702,0.57602,0.30549,0.32812,0.80355,1,0.99607,0.995,0.8458,1,0.99607,0.995,0.88474,0.54084,0.52289,0.21987,0.30086,0.78274,0.0009626,0.0009626,0.0009626
106,1331.33,0.52702,0.66255,0.30661,0.33157,0.80662,0.99888,1,0.995,0.85343,0.7979,0.8,0.735,0.519,0.53011,2.06134,0.22893,0.29292,0.78203,0.000952625,0.000952625,0.000952625
107,1344,0.52561,0.68531,0.32082,0.32746,0.81202,1,0.99897,0.995,0.85989,0.94997,0.94951,0.93963,0.86255,0.57018,0.71222,0.21504,0.31864,0.78282,0.00094265,0.00094265,0.00094265
108,1356.13,0.51776,0.67245,0.31259,0.32518,0.81045,1,0.99926,0.995,0.88302,1,0.99926,0.995,0.92503,0.58597,0.34419,0.2152,0.30353,0.78611,0.000932675,0.000932675,0.000932675
109,1368.1,0.50921,0.70219,0.31716,0.31589,0.80743,0.99748,1,0.995,0.86477,0.99748,1,0.995,0.91462,0.55419,0.43311,0.22354,0.27968,0.78289,0.0009227,0.0009227,0.0009227
110,1380.64,0.52596,0.64137,0.30412,0.32031,0.80051,0.99826,1,0.995,0.8784,0.99826,1,0.995,0.92369,0.53802,0.30939,0.21792,0.28628,0.77603,0.000912725,0.000912725,0.000912725
111,1393.21,0.53213,0.62877,0.311,0.32612,0.8053,1,0.99941,0.995,0.88372,0.79943,0.8,0.68407,0.54298,0.50653,2.4303,0.2417,0.27701,0.78287,0.00090275,0.00090275,0.00090275
112,1405.7,0.52692,0.67395,0.29053,0.32786,0.81249,1,0.98412,0.995,0.85951,0.7972,0.78671,0.68254,0.58902,0.55018,2.31391,0.23856,0.31044,0.78303,0.000892775,0.000892775,0.000892775
113,1418.04,0.51928,0.67081,0.30702,0.32751,0.80522,1,0.99729,0.995,0.87327,0.79977,0.7989,0.69407,0.6139,0.56024,1.951,0.24064,0.32864,0.78172,0.0008828,0.0008828,0.0008828
114,1430.63,0.52576,0.58596,0.31555,0.33139,0.80955,0.95214,0.99491,0.99262,0.84921,0.71326,0.7464,0.59387,0.54619,0.58863,2.35933,0.23961,0.33455,0.78594,0.000872825,0.000872825,0.000872825
115,1443.45,0.51921,0.63276,0.29476,0.32814,0.80948,0.99639,0.95,0.99045,0.82205,0.78662,0.75,0.68359,0.61729,0.62752,2.21666,0.23444,0.33245,0.7837,0.00086285,0.00086285,0.00086285
116,1456.35,0.52721,0.61428,0.3,0.32547,0.80487,0.99984,1,0.995,0.82968,0.7987,0.8,0.66409,0.56637,0.62079,1.97099,0.23672,0.30954,0.78608,0.000852875,0.000852875,0.000852875
117,1467.36,0.50668,0.59681,0.29833,0.31959,0.80527,1,0.99969,0.995,0.8543,0.95,0.94998,0.93483,0.88616,0.58601,0.58647,0.2085,0.27491,0.78639,0.0008429,0.0008429,0.0008429
118,1479.88,0.52362,0.57597,0.29275,0.32383,0.80382,1,0.99815,0.995,0.84606,0.74999,0.75,0.60482,0.5221,0.55483,2.58337,0.23993,0.29209,0.78149,0.000832925,0.000832925,0.000832925
119,1492.09,0.50455,0.59268,0.28954,0.3124,0.80258,0.99806,1,0.995,0.84454,0.99806,1,0.995,0.85819,0.5622,0.62479,0.21527,0.27688,0.77838,0.00082295,0.00082295,0.00082295
120,1504.69,0.50539,0.58386,0.29801,0.31868,0.80208,0.99798,1,0.995,0.85263,0.74791,0.75,0.59699,0.57969,0.55913,2.26068,0.23764,0.29711,0.77783,0.000812975,0.000812975,0.000812975
121,1517.24,0.52632,0.63382,0.29254,0.3253,0.80258,0.99726,1,0.995,0.8282,0.74767,0.75,0.60421,0.56996,0.53356,2.32729,0.24063,0.2812,0.77356,0.000803,0.000803,0.000803
122,1529.81,0.51573,0.56393,0.30043,0.31986,0.80263,0.99728,1,0.995,0.85725,0.94734,0.95,0.93518,0.89772,0.55187,0.50833,0.20808,0.282,0.77369,0.000793025,0.000793025,0.000793025
123,1542.5,0.5145,0.5778,0.28798,0.31385,0.80286,0.99745,1,0.995,0.85976,0.84756,0.85,0.75333,0.6426,0.55361,1.50258,0.22942,0.30686,0.78086,0.00078305,0.00078305,0.00078305
124,1555.14,0.50981,0.59783,0.28172,0.32054,0.80087,0.99764,1,0.995,0.84985,0.99764,1,0.995,0.92709,0.55983,0.43904,0.20892,0.2936,0.77482,0.000773075,0.000773075,0.000773075
125,1567.71,0.50548,0.61425,0.2785,0.31608,0.80201,0.99864,1,0.995,0.85775,0.94852,0.95,0.93833,0.90238,0.55827,0.63806,0.20639,0.28131,0.78396,0.0007631,0.0007631,0.0007631
126,1579.66,0.51262,0.55172,0.29757,0.31639,0.80294,0.99718,1,0.995,0.84507,0.84731,0.85,0.76615,0.66917,0.57556,1.34816,0.21878,0.29043,0.78653,0.000753125,0.000753125,0.000753125
127,1590.63,0.51267,0.53611,0.28778,0.31525,0.8061,0.9962,0.95,0.99262,0.84163,0.74715,0.8,0.67225,0.5778,0.56515,2.21917,0.23217,0.28587,0.78719,0.00074315,0.00074315,0.00074315
128,1603.43,0.49716,0.58451,0.29147,0.30972,0.80518,0.99752,1,0.995,0.86678,0.89755,0.9,0.8298,0.65883,0.54157,1.33906,0.22146,0.29638,0.78105,0.000733175,0.000733175,0.000733175
129,1615.73,0.5149,0.57933,0.2889,0.31427,0.8067,0.99954,1,0.995,0.87174,0.94925,0.95,0.94212,0.88581,0.52255,0.59389,0.20237,0.29655,0.77907,0.0007232,0.0007232,0.0007232
130,1628.51,0.52194,0.57187,0.27223,0.3147,0.79791,0.99876,1,0.995,0.86128,0.79814,0.8,0.68808,0.6271,0.54152,2.33528,0.23735,0.30131,0.77609,0.000713225,0.000713225,0.000713225
131,1641.12,0.49312,0.58195,0.27716,0.30984,0.80147,1,0.99985,0.995,0.84745,0.9499,0.95,0.935,0.68711,0.56247,1.39933,0.22223,0.30352,0.77165,0.00070325,0.00070325,0.00070325
132,1653.61,0.4837,0.58028,0.27495,0.30361,0.80335,1,0.99568,0.995,0.83965,1,0.99568,0.995,0.96273,0.56557,0.25878,0.19395,0.29583,0.78092,0.000693275,0.000693275,0.000693275
133,1666.09,0.51716,0.56154,0.2868,0.32093,0.80297,1,0.99798,0.995,0.84948,0.94991,0.94831,0.92963,0.90439,0.58252,0.56106,0.19715,0.32464,0.77664,0.0006833,0.0006833,0.0006833
134,1678.89,0.49855,0.48574,0.27943,0.31048,0.80389,0.99785,1,0.995,0.86481,0.99785,1,0.995,0.93281,0.56688,0.33284,0.18676,0.30065,0.77149,0.000673325,0.000673325,0.000673325
135,1690.12,0.48358,0.47284,0.26867,0.30074,0.80006,1,0.99962,0.995,0.84314,0.94932,0.95,0.93076,0.90516,0.58973,0.60873,0.19678,0.29226,0.77205,0.00066335,0.00066335,0.00066335
136,1702.57,0.49852,0.52636,0.26837,0.30902,0.80474,0.99868,1,0.995,0.85335,0.94835,0.95,0.93583,0.91292,0.60026,0.54586,0.19458,0.28367,0.77504,0.000653375,0.000653375,0.000653375
137,1714.7,0.48754,0.46422,0.26969,0.30639,0.80134,0.99585,1,0.995,0.86649,0.99585,1,0.995,0.95862,0.55365,0.29074,0.18714,0.28822,0.77532,0.0006434,0.0006434,0.0006434
138,1727.1,0.47088,0.41129,0.25716,0.29617,0.80123,0.9961,1,0.995,0.85558,0.94619,0.95,0.93017,0.90162,0.59349,0.59064,0.18802,0.29801,0.77891,0.000633425,0.000633425,0.000633425
139,1739.7,0.47541,0.46457,0.26615,0.30122,0.80185,0.99602,1,0.995,0.82863,0.94612,0.95,0.93267,0.89664,0.58672,0.54994,0.18799,0.29711,0.77809,0.00062345,0.00062345,0.00062345
140,1752.49,0.48578,0.51309,0.26995,0.30405,0.80449,0.9974,1,0.995,0.86005,0.9974,1,0.995,0.86221,0.58393,0.68785,0.19558,0.29415,0.78071,0.000613475,0.000613475,0.000613475
141,1765.26,0.47964,0.4462,0.26395,0.30363,0.7963,0.99898,1,0.995,0.86186,0.99898,1,0.995,0.92825,0.51777,0.33955,0.18368,0.29054,0.771,0.0006035,0.0006035,0.0006035
142,1777.6,0.49004,0.49657,0.2765,0.30672,0.80574,0.99464,1,0.995,0.87533,0.94452,0.95,0.93466,0.90504,0.51729,0.64036,0.18844,0.30205,0.77356,0.000593525,0.000593525,0.000593525
143,1790.02,0.48039,0.46398,0.26706,0.30027,0.80395,0.996,1,0.995,0.87599,0.9461,0.95,0.9289,0.90634,0.49114,0.64007,0.18738,0.2723,0.76792,0.00058355,0.00058355,0.00058355
144,1802.41,0.48154,0.45866,0.26025,0.30137,0.79855,0.99665,1,0.995,0.85982,0.94671,0.95,0.932,0.91433,0.53032,0.48606,0.18432,0.30242,0.77341,0.000573575,0.000573575,0.000573575
145,1813.59,0.47612,0.53299,0.2598,0.29928,0.80457,0.99744,1,0.995,0.88398,0.99744,1,0.995,0.94467,0.52135,0.37421,0.18199,0.28303,0.76351,0.0005636,0.0005636,0.0005636
146,1825.74,0.48685,0.43969,0.25925,0.30026,0.79848,0.99704,1,0.995,0.87221,0.79746,0.8,0.69407,0.64742,0.53416,1.90209,0.22661,0.28784,0.77039,0.000553625,0.000553625,0.000553625
147,1838.24,0.46858,0.43571,0.25571,0.29282,0.7996,0.99709,1,0.995,0.87616,0.94717,0.95,0.92107,0.69581,0.5397,1.24084,0.21013,0.27845,0.7716,0.00054365,0.00054365,0.00054365
148,1851.01,0.48859,0.4306,0.26142,0.30382,0.80934,0.99814,1,0.995,0.87663,0.94807,0.95,0.935,0.91369,0.52144,0.58575,0.18165,0.27386,0.77077,0.000533675,0.000533675,0.000533675
149,1863.62,0.47475,0.45544,0.24387,0.30038,0.79782,0.99681,1,0.995,0.87587,0.99681,1,0.995,0.91684,0.52498,0.41034,0.17361,0.28364,0.77216,0.0005237,0.0005237,0.0005237
150,1876.24,0.47756,0.43092,0.2546,0.29653,0.80187,0.99715,1,0.995,0.87356,0.94723,0.95,0.93791,0.91881,0.51273,0.6345,0.18245,0.28099,0.7743,0.000513725,0.000513725,0.000513725
151,1888.74,0.47271,0.4694,0.2521,0.2949,0.80367,0.99713,1,0.995,0.86302,0.94721,0.95,0.9375,0.91893,0.52338,0.59669,0.18029,0.27384,0.77443,0.00050375,0.00050375,0.00050375
152,1901.08,0.47455,0.49901,0.2547,0.29623,0.80339,0.99552,1,0.995,0.87182,0.94564,0.95,0.93545,0.90903,0.54939,0.61254,0.1808,0.30407,0.77598,0.000493775,0.000493775,0.000493775
153,1913.73,0.47097,0.54034,0.25492,0.30059,0.80178,0.99472,1,0.995,0.87371,0.94486,0.95,0.9314,0.90847,0.54665,0.62973,0.17877,0.27712,0.77325,0.0004838,0.0004838,0.0004838
154,1926.66,0.47124,0.4178,0.24469,0.29292,0.80116,0.99688,1,0.995,0.86385,0.94697,0.95,0.93463,0.91896,0.54985,0.58041,0.17229,0.28958,0.77573,0.000473825,0.000473825,0.000473825
155,1938.34,0.46349,0.42528,0.2471,0.28979,0.80169,0.99734,1,0.995,0.84991,0.94741,0.95,0.93438,0.91643,0.55198,0.49931,0.16767,0.29535,0.77203,0.00046385,0.00046385,0.00046385
156,1950.41,0.46531,0.43982,0.25398,0.28907,0.79534,0.99772,1,0.995,0.85193,0.94769,0.95,0.93767,0.90904,0.5597,0.49307,0.16926,0.30514,0.77268,0.000453875,0.000453875,0.000453875
157,1962.96,0.46196,0.43395,0.23695,0.29005,0.7923,0.99786,1,0.995,0.8576,0.94782,0.95,0.9364,0.92583,0.54106,0.51698,0.1712,0.31157,0.77106,0.0004439,0.0004439,0.0004439
158,1975.9,0.45596,0.41727,0.241,0.28386,0.79639,0.99777,1,0.995,0.88023,0.94773,0.95,0.9364,0.91685,0.51152,0.56144,0.17321,0.29127,0.77154,0.000433925,0.000433925,0.000433925
159,1988.49,0.45919,0.38389,0.23688,0.28426,0.79814,0.99752,1,0.995,0.88194,0.99752,1,0.995,0.91829,0.50728,0.45189,0.16765,0.29209,0.77692,0.00042395,0.00042395,0.00042395
160,2001.05,0.46729,0.43963,0.24843,0.28858,0.7997,0.99728,1,0.995,0.8695,0.94735,0.95,0.93576,0.92203,0.54006,0.59953,0.17499,0.30679,0.77426,0.000413975,0.000413975,0.000413975
161,2014.21,0.47042,0.43327,0.25295,0.28603,0.80673,0.99748,1,0.995,0.87098,0.94747,0.95,0.9364,0.92604,0.54573,0.46924,0.16832,0.3071,0.77688,0.000404,0.000404,0.000404
162,2026.94,0.45404,0.39587,0.23662,0.27861,0.79021,0.99752,1,0.995,0.88355,0.94757,0.95,0.94129,0.92738,0.50984,0.49487,0.16853,0.28824,0.77058,0.000394025,0.000394025,0.000394025
163,2039.27,0.47521,0.40383,0.23034,0.29133,0.79985,0.99724,1,0.995,0.86499,0.99724,1,0.995,0.94754,0.55503,0.29535,0.16291,0.29469,0.77014,0.00038405,0.00038405,0.00038405
164,2052.16,0.45939,0.35785,0.23519,0.2819,0.8007,0.99735,1,0.995,0.88013,0.94742,0.95,0.93607,0.91643,0.56698,0.49774,0.1675,0.29014,0.77851,0.000374075,0.000374075,0.000374075
165,2064.55,0.4735,0.40887,0.22952,0.28909,0.78988,0.99759,1,0.995,0.85622,0.99759,1,0.995,0.93755,0.57503,0.38055,0.16547,0.29374,0.78076,0.0003641,0.0003641,0.0003641
166,2076.17,0.47155,0.4214,0.24298,0.29122,0.80034,0.99742,1,0.995,0.87425,0.99742,1,0.995,0.95786,0.56533,0.27869,0.15764,0.29756,0.77568,0.000354125,0.000354125,0.000354125
167,2088.46,0.46178,0.37859,0.23364,0.28445,0.79789,0.99719,1,0.995,0.85391,0.99719,1,0.995,0.93876,0.56639,0.3655,0.15852,0.26137,0.78009,0.00034415,0.00034415,0.00034415
168,2101,0.44698,0.35835,0.24787,0.28001,0.79395,0.99749,1,0.995,0.86528,0.94754,0.95,0.93463,0.91081,0.52617,0.54296,0.1675,0.27687,0.77747,0.000334175,0.000334175,0.000334175
169,2113.94,0.45227,0.4005,0.23718,0.28129,0.79765,0.9977,1,0.995,0.8704,0.94765,0.95,0.93675,0.88944,0.51736,0.63833,0.17284,0.28623,0.77721,0.0003242,0.0003242,0.0003242
170,2126.68,0.46838,0.41004,0.23362,0.28759,0.79623,0.99693,1,0.995,0.86587,0.94702,0.95,0.93857,0.90933,0.52305,0.58638,0.16471,0.29047,0.77556,0.000314225,0.000314225,0.000314225
171,2139.08,0.44686,0.37476,0.22487,0.27855,0.7988,0.99663,1,0.995,0.86777,0.99663,1,0.995,0.93059,0.53051,0.38857,0.15655,0.28795,0.77888,0.00030425,0.00030425,0.00030425
172,2152.15,0.44916,0.35962,0.23468,0.27647,0.7924,0.99691,1,0.995,0.89608,0.99691,1,0.995,0.95021,0.50115,0.31948,0.15675,0.27794,0.77258,0.000294275,0.000294275,0.000294275
173,2164.79,0.44489,0.36973,0.23081,0.27865,0.79758,0.99665,1,0.995,0.85543,0.99665,1,0.995,0.97455,0.5364,0.21523,0.15609,0.28491,0.77973,0.0002843,0.0002843,0.0002843
174,2177.4,0.44935,0.39127,0.22119,0.27833,0.7969,0.99691,1,0.995,0.86309,0.99691,1,0.995,0.95079,0.54044,0.32861,0.15849,0.3064,0.77908,0.000274325,0.000274325,0.000274325
175,2189.4,0.45412,0.39358,0.22416,0.27765,0.7916,0.99685,1,0.995,0.88122,0.99685,1,0.995,0.94638,0.51624,0.31371,0.15436,0.27869,0.77098,0.00026435,0.00026435,0.00026435
176,2201.1,0.4485,0.37178,0.22865,0.27357,0.79408,0.99693,1,0.995,0.86572,0.94709,0.95,0.94212,0.93326,0.52421,0.56718,0.16496,0.29671,0.77489,0.000254375,0.000254375,0.000254375
177,2213.32,0.46393,0.37288,0.22423,0.27844,0.79188,0.99706,1,0.995,0.87118,0.94715,0.95,0.94426,0.9259,0.52219,0.4409,0.15736,0.27381,0.77054,0.0002444,0.0002444,0.0002444
178,2225.99,0.44685,0.37257,0.22087,0.27926,0.7928,0.99707,1,0.995,0.88929,0.94721,0.95,0.94583,0.9322,0.49693,0.38987,0.15351,0.26399,0.77039,0.000234425,0.000234425,0.000234425
179,2238.75,0.44219,0.34573,0.22242,0.26919,0.79064,0.99702,1,0.995,0.85895,0.94711,0.95,0.94212,0.92722,0.53062,0.49471,0.15661,0.28332,0.77362,0.00022445,0.00022445,0.00022445
180,2251.87,0.44156,0.38765,0.22452,0.27419,0.79101,0.99709,1,0.995,0.86215,0.99709,1,0.995,0.9291,0.53385,0.36511,0.14974,0.27995,0.77119,0.000214475,0.000214475,0.000214475
181,2264.01,0.42826,0.36103,0.22425,0.26756,0.79513,0.99735,1,0.995,0.87702,0.94742,0.95,0.93833,0.91946,0.52351,0.48358,0.15724,0.28576,0.77418,0.0002045,0.0002045,0.0002045
182,2276.52,0.45429,0.38288,0.23108,0.27778,0.79525,0.99748,1,0.995,0.87687,0.94754,0.95,0.93833,0.92481,0.53507,0.59976,0.16653,0.28797,0.77177,0.000194525,0.000194525,0.000194525
183,2289.46,0.43422,0.37141,0.21847,0.26845,0.79457,0.99732,1,0.995,0.86077,0.94739,0.95,0.93962,0.91257,0.52222,0.51052,0.15833,0.27909,0.76931,0.00018455,0.00018455,0.00018455
184,2302.18,0.44514,0.38153,0.2209,0.27507,0.79472,0.9971,1,0.995,0.85966,0.9971,1,0.995,0.93336,0.54195,0.34467,0.1506,0.29002,0.77263,0.000174575,0.000174575,0.000174575
185,2314.87,0.42817,0.35689,0.21573,0.26542,0.7934,0.99712,1,0.995,0.86564,0.9472,0.95,0.93675,0.92292,0.53607,0.47466,0.15349,0.29629,0.77319,0.0001646,0.0001646,0.0001646
186,2327.22,0.45235,0.38161,0.22898,0.27641,0.79718,0.99716,1,0.995,0.86848,0.99716,1,0.995,0.96168,0.52235,0.26688,0.14445,0.27772,0.76911,0.000154625,0.000154625,0.000154625
187,2338.7,0.4329,0.32366,0.215,0.26618,0.78993,0.99715,1,0.995,0.87318,0.99715,1,0.995,0.95873,0.53353,0.25986,0.1448,0.27975,0.77228,0.00014465,0.00014465,0.00014465
188,2351.51,0.43768,0.37648,0.22018,0.27444,0.79589,0.99716,1,0.995,0.87,0.99716,1,0.995,0.93858,0.51584,0.37436,0.14851,0.28676,0.77018,0.000134675,0.000134675,0.000134675
189,2364.04,0.44119,0.32272,0.20819,0.26823,0.79514,0.99723,1,0.995,0.87124,0.99723,1,0.995,0.94623,0.54519,0.35634,0.14732,0.28802,0.77261,0.0001247,0.0001247,0.0001247
190,2376.47,0.4232,0.3405,0.21436,0.26328,0.78968,0.99723,1,0.995,0.87431,0.99723,1,0.995,0.92604,0.50848,0.40492,0.14848,0.27918,0.7697,0.000114725,0.000114725,0.000114725
191,2393.07,0.40465,0.2728,0.17793,0.25167,0.78591,0.9972,1,0.995,0.87184,0.94728,0.95,0.93833,0.92125,0.52315,0.43696,0.1512,0.28404,0.76917,0.00010475,0.00010475,0.00010475
192,2405.67,0.41475,0.28255,0.17371,0.25499,0.78509,0.9973,1,0.995,0.87434,0.9973,1,0.995,0.95518,0.52057,0.2683,0.14309,0.27674,0.77015,9.4775e-05,9.4775e-05,9.4775e-05
193,2418.18,0.40182,0.25681,0.17564,0.25024,0.77991,0.99726,1,0.995,0.88319,0.99726,1,0.995,0.96588,0.51276,0.21925,0.14143,0.27934,0.76835,8.48e-05,8.48e-05,8.48e-05
194,2430.3,0.40397,0.25966,0.1725,0.24503,0.77825,0.99729,1,0.995,0.87859,0.99729,1,0.995,0.95893,0.51146,0.29172,0.14393,0.26536,0.76894,7.4825e-05,7.4825e-05,7.4825e-05
195,2442.43,0.40992,0.24737,0.17072,0.24618,0.78763,0.99734,1,0.995,0.87513,0.99734,1,0.995,0.94328,0.507,0.39247,0.14933,0.26737,0.7699,6.485e-05,6.485e-05,6.485e-05
196,2454.99,0.40676,0.24822,0.17122,0.24666,0.78533,0.99741,1,0.995,0.87719,0.99741,1,0.995,0.92418,0.50504,0.41795,0.14951,0.26963,0.76972,5.4875e-05,5.4875e-05,5.4875e-05
197,2467.05,0.40437,0.24865,0.17349,0.24733,0.78377,0.99752,1,0.995,0.86969,0.99752,1,0.995,0.94277,0.50954,0.3822,0.14741,0.2822,0.77089,4.49e-05,4.49e-05,4.49e-05
198,2478.73,0.39696,0.2523,0.16906,0.2435,0.78233,0.9975,1,0.995,0.87081,0.9975,1,0.995,0.94382,0.51057,0.35915,0.14615,0.2742,0.76937,3.4925e-05,3.4925e-05,3.4925e-05
199,2490.03,0.38971,0.25087,0.17353,0.24557,0.78639,0.99748,1,0.995,0.87983,0.99748,1,0.995,0.95559,0.51408,0.32237,0.14453,0.27983,0.76891,2.495e-05,2.495e-05,2.495e-05
200,2502.29,0.40219,0.25953,0.17971,0.24533,0.78731,0.99741,1,0.995,0.879,0.99741,1,0.995,0.95969,0.51388,0.29611,0.14332,0.28057,0.76949,1.4975e-05,1.4975e-05,1.4975e-05
